City_ID,City,Lat,Lng,Max Temp,Humidity,Cloudiness,Wind Speed,Country,Date
0,iqaluit,63.7506,-68.5145,32.7,93,100,6.91,CA,1701299498
1,longyearbyen,78.2186,15.6401,26.44,86,75,14.97,SJ,1701299498
2,saint-louis,16.3333,-15.0,78.57,13,0,10.49,SN,1701299499
3,demba,-5.51,22.2667,67.55,98,100,2.39,CD,1701299499
4,waitangi,-43.9535,-176.5597,54.82,75,98,8.01,NZ,1701299329
5,yellowknife,62.456,-114.3525,6.42,98,100,3.0,CA,1701299383
6,albany,42.6001,-73.9662,29.62,67,61,4.36,US,1701299500
7,puerto ayora,-0.7393,-90.3518,78.55,86,60,5.99,EC,1701299500
8,dryden,49.7833,-92.7503,30.49,80,100,6.91,CA,1701299501
9,magdagachi,53.45,125.8,7.95,61,16,8.7,RU,1701299501
10,berezovyy,51.6667,135.7,-4.02,80,8,2.55,RU,1701299501
11,bulungu,-4.55,18.6,69.8,99,100,1.12,CD,1701299502
12,aasiaat,68.7098,-52.8699,31.8,71,100,6.82,GL,1701299502
13,grand falls-windsor,48.9332,-55.6649,29.5,92,100,13.56,CA,1701299503
14,ancud,-41.8697,-73.8203,52.74,93,100,13.62,CL,1701299503
15,margaret river,-33.95,115.0667,64.29,75,100,9.89,AU,1701299503
16,sinop,41.7711,34.8709,47.8,81,100,11.72,TR,1701299503
17,stanley,54.868,-1.6985,35.76,84,75,9.22,GB,1701299504
18,tazovsky,67.4667,78.7,2.5,93,98,6.76,RU,1701299504
19,utrik,11.2278,169.8474,81.57,73,100,19.51,MH,1701299504
20,adamstown,-25.066,-130.1015,71.22,77,100,8.05,PN,1701299504
21,grytviken,-54.2811,-36.5092,36.99,95,95,4.09,GS,1701299505
22,gornozavodsk,58.3758,58.3211,25.59,98,100,2.17,RU,1701299505
23,nova sintra,14.8667,-24.7167,71.11,72,4,12.95,CV,1701299505
24,xingcheng,40.6167,120.7167,19.22,41,0,5.95,CN,1701299505
25,qamdo,31.1667,97.2333,22.15,51,89,3.11,CN,1701299506
26,praia da vitoria,38.7333,-27.0667,59.76,92,100,35.01,PT,1701299506
27,petropavlovsk-kamchatsky,53.0452,158.6483,19.99,65,75,8.01,RU,1701299506
28,sulak,43.2734,47.5146,50.13,82,67,7.36,RU,1701299506
29,sitka,57.0531,-135.33,44.49,57,100,14.97,US,1701299507
30,natal,-5.795,-35.2094,77.65,88,20,5.75,BR,1701299507
31,prokop'yevsk,53.9059,86.719,16.84,89,94,4.81,RU,1701299507
32,codrington,-38.2667,141.9667,62.91,63,100,17.85,AU,1701299508
33,lusambo,-4.9667,23.45,69.1,98,98,1.7,CD,1701299508
34,tolanaro,-25.0319,46.9987,74.12,81,1,4.32,MG,1701299508
35,keflavik,64.0049,-22.5624,37.83,93,100,6.91,IS,1701299509
36,muisne,0.6,-80.0333,76.35,79,99,8.41,EC,1701299509
37,tura,25.5198,90.2201,62.47,83,2,3.49,IN,1701299509
38,kodiak,57.79,-152.4072,36.91,87,100,17.27,US,1701299509
39,edinburgh of the seven seas,-37.0676,-12.3116,54.21,64,52,21.88,SH,1701299510
40,port-aux-francais,-49.35,70.2167,36.25,97,100,43.08,TF,1701299394
41,linfen,36.0889,111.5189,29.73,23,51,1.3,CN,1701299510
42,la'ie,21.6477,-157.9253,72.1,90,64,5.01,US,1701299510
43,talnakh,69.4865,88.3972,-11.54,99,91,3.33,RU,1701299511
44,blackmans bay,-43.0167,147.3167,56.73,87,100,1.01,AU,1701299511
45,avarua,-21.2078,-159.775,80.65,74,20,18.41,CK,1701299511
46,boca do acre,-8.7522,-67.3978,74.01,98,97,2.62,BR,1701299511
47,hamilton,39.1834,-84.5333,42.64,63,0,8.05,US,1701299465
48,ytrebygda,60.305,5.2824,31.32,67,0,4.61,NO,1701299512
49,siwa oasis,29.2041,25.5195,58.62,47,94,3.22,EG,1701299512
50,severo-yeniseyskiy,60.3725,93.0408,13.57,98,100,1.99,RU,1701299512
51,lompoc,34.6391,-120.4579,66.02,72,75,5.75,US,1701299513
52,kapuskasing,49.4169,-82.4331,28.49,93,100,5.75,CA,1701299513
53,coquimbo,-29.9533,-71.3436,62.55,76,8,5.59,CL,1701299513
54,choyr,46.3611,108.3611,-4.95,90,62,6.93,MN,1701299513
55,kiunga,-6.1219,141.2906,80.31,89,89,0.96,PG,1701299513
56,constantia,44.1833,28.65,38.08,74,54,14.18,RO,1701299514
57,rochester,43.1548,-77.6156,32.7,65,100,9.22,US,1701299468
58,punta arenas,-53.15,-70.9167,48.11,49,96,11.45,CL,1701299514
59,isangel,-19.55,169.2667,81.54,72,30,5.86,VU,1701299514
60,uturoa,-16.7333,-151.4333,80.37,82,97,18.21,PF,1701299515
61,lihue,21.9789,-159.3672,77.36,80,40,8.05,US,1701299515
62,lebu,-37.6167,-73.65,56.16,83,0,14.61,CL,1701299515
63,badger,64.8,-147.5333,16.05,88,75,4.61,US,1701299515
64,ribeira grande,38.5167,-28.7,60.78,86,99,28.99,PT,1701299516
65,pocone,-16.2567,-56.6228,89.49,37,85,1.83,BR,1701299516
66,thompson,55.7435,-97.8558,-0.24,85,75,5.75,CA,1701299516
67,invercargill,-46.4,168.35,54.01,73,100,14.0,NZ,1701299516
68,zhangjiajie,29.1294,110.4783,47.91,55,100,4.16,CN,1701299517
69,vilyuchinsk,52.9306,158.4028,21.47,84,100,9.86,RU,1701299517
70,puerto natales,-51.7236,-72.4875,46.85,81,100,12.66,CL,1701299517
71,polyarnyy,69.1989,33.4478,29.59,84,99,13.29,RU,1701299518
72,wailua homesteads,22.0669,-159.378,76.75,81,40,8.05,US,1701299519
73,leua,48.2156,18.6071,32.5,81,82,3.78,SK,1701299453
74,camargo,27.6667,-105.1667,72.43,21,100,4.23,MX,1701299519
75,penonome,8.5167,-80.3667,77.47,81,100,8.01,PA,1701299519
76,cruzeiro do sul,-29.5128,-51.9853,79.09,82,13,2.21,BR,1701299521
77,flying fish cove,-10.4217,105.6791,76.68,83,75,8.05,CX,1701299521
78,merizo village,13.2658,144.6691,85.73,83,9,20.0,GU,1701299522
79,bethel,41.3712,-73.414,33.89,54,0,8.05,US,1701299522
80,montfort-sur-meu,48.1333,-1.9667,42.69,93,100,3.44,FR,1701299522
81,la passe,45.5549,-0.8967,43.03,95,100,12.1,FR,1701299523
82,fortuna,40.5982,-124.1573,59.94,64,0,4.61,US,1701299523
83,bairnsdale,-37.8333,147.6167,59.05,99,100,8.01,AU,1701299524
84,kharp,66.8014,65.8081,17.01,96,100,5.1,RU,1701299525
85,olyokminsk,60.3736,120.4264,7.02,79,100,13.42,RU,1701299526
86,klyuchi,52.2667,79.1667,35.04,60,99,12.35,RU,1701299526
87,gorontalo,0.5412,123.0595,78.71,87,94,2.08,ID,1701299527
88,northam,51.0333,-4.2167,38.39,91,77,13.29,GB,1701299527
89,nikolayevsk-on-amure,53.1406,140.73,-0.92,91,32,5.68,RU,1701299412
90,bertram,30.7438,-98.0556,60.67,68,100,3.44,US,1701299528
91,moree,-29.4667,149.85,75.9,46,1,15.01,AU,1701299528
92,xinyuan,37.3,99.0,14.0,54,12,6.67,CN,1701299528
93,tecumseh,42.0039,-83.9449,33.71,75,0,4.61,US,1701299529
94,dondo,-19.6094,34.7431,71.11,86,84,13.35,MZ,1701299529
95,anadyr,64.75,177.4833,27.1,86,75,13.42,RU,1701299529
96,udachny,66.4167,112.4,10.45,84,100,30.74,RU,1701299530
97,yangquan,37.8575,113.5633,23.5,32,0,8.97,CN,1701299530
98,tiksi,71.6872,128.8694,-0.72,90,100,25.7,RU,1701299531
99,burutu,5.3509,5.5076,78.78,87,100,5.35,NG,1701299302
100,college,64.8569,-147.8028,16.12,83,75,4.61,US,1701299380
101,newman,37.3138,-121.0208,63.28,39,37,5.01,US,1701299380
102,padang,-0.9492,100.3543,77.05,90,100,2.24,ID,1701299498
103,turuvekere,13.1642,76.6667,66.04,97,100,5.79,IN,1701299532
104,ugoofaaru,5.6667,73.0,81.7,76,81,2.48,MV,1701299532
105,stephenville,32.2207,-98.2023,62.24,52,0,9.22,US,1701299533
106,fort bragg,35.139,-79.006,44.44,45,0,5.75,US,1701299533
107,huilong,31.8111,121.655,46.0,63,68,14.12,CN,1701299533
108,fuyuan,46.4333,127.0833,-4.45,95,83,6.71,CN,1701299534
109,hithadhoo,-0.6,73.0833,81.5,78,79,10.92,MV,1701299534
110,mujiayingzi,42.1167,118.7833,8.64,51,0,7.76,CN,1701299534
111,san antonio de pale,-1.4014,5.6325,80.55,82,21,8.1,GQ,1701299534
112,woolgoolga,-30.1106,153.2007,83.05,49,7,9.06,AU,1701299535
113,carnarvon,-24.8667,113.6333,71.26,69,4,14.9,AU,1701299535
114,naze,28.3667,129.4833,64.08,67,72,5.23,JP,1701299535
115,bilibino,68.0546,166.4372,-30.91,98,16,3.4,RU,1701299535
116,sola,-13.8833,167.55,80.56,84,74,13.78,VU,1701299536
117,crane,31.3974,-102.3501,58.71,50,37,18.68,US,1701299536
118,santa cruz,-17.8,-63.1667,83.66,70,40,11.5,BO,1701299536
119,el bolson,-41.9667,-71.5167,48.29,98,100,5.41,AR,1701299536
120,contamana,-7.3333,-75.0167,84.0,61,77,3.74,PE,1701299537
121,isafjordur,66.0755,-23.124,37.15,82,100,6.69,IS,1701299537
122,port lincoln,-34.7333,135.8667,61.02,81,99,14.32,AU,1701299504
123,luderitz,-26.6481,15.1594,64.99,60,0,13.18,NA,1701299538
124,westport,41.1415,-73.3579,35.2,52,0,8.05,US,1701299243
125,pisco,-13.7,-76.2167,69.03,78,44,4.94,PE,1701299539
126,okha,53.5739,142.9478,8.28,86,87,17.34,RU,1701299524
127,hawaiian paradise park,19.5933,-154.9731,81.03,94,100,10.36,US,1701299539
128,toliara,-23.35,43.6667,77.7,87,35,2.06,MG,1701299540
129,pocora,10.1718,-83.6044,75.0,96,91,1.43,CR,1701299540
130,nemuro,43.3236,145.575,29.34,60,83,15.64,JP,1701299540
131,bandar,2.05,99.75,73.92,100,100,1.25,ID,1701299540
132,cudillero,43.5622,-6.1459,58.66,94,75,20.71,ES,1701299541
133,martinez de la torre,20.0667,-97.05,68.18,95,100,0.78,MX,1701299541
134,jamestown,42.097,-79.2353,29.79,61,100,10.36,US,1701299250
135,palmer,42.1584,-72.3287,31.42,58,40,6.91,US,1701299542
136,sankt veit an der glan,46.7681,14.3603,32.79,86,40,3.44,AT,1701299542
137,lawas,13.764,121.0566,76.98,90,46,9.78,PH,1701299542
138,myitkyina,25.3833,97.4,60.82,74,100,1.99,MM,1701299543
139,yuanping,38.7153,112.7575,15.22,44,0,4.29,CN,1701299543
140,burang,30.25,81.1667,13.95,88,49,3.71,CN,1701299543
141,dunlap,41.6378,-85.9217,39.25,69,0,11.5,US,1701299482
142,pyshma,56.9523,63.2513,25.74,93,100,6.42,RU,1701299544
143,beira,-19.8436,34.8389,71.69,100,100,12.66,MZ,1701299544
144,lashio,22.9333,97.75,57.47,90,100,1.03,MM,1701299544
145,nizhnyaya tavda,57.6731,66.1725,23.88,91,100,5.68,RU,1701299545
146,shingu,33.7333,135.9833,51.87,75,100,9.35,JP,1701299545
147,port elizabeth,-33.918,25.5701,62.89,83,20,9.22,ZA,1701299545
148,kuacjok,8.3002,27.9903,84.92,34,99,4.09,SS,1701299546
149,corner brook,48.9667,-57.9484,28.56,76,80,9.31,CA,1701299546
150,khark,29.2614,50.3306,69.53,56,33,19.86,IR,1701299546
151,khandyga,62.6667,135.6,-23.78,99,100,2.44,RU,1701299547
152,benjamin constant,-4.3831,-70.0311,80.65,83,75,4.61,BR,1701299547
153,thanh pho uong bi,21.0333,106.7833,71.58,86,100,2.24,VN,1701299430
154,ingeniero guillermo n. juarez,-23.9,-61.85,96.17,33,2,6.38,AR,1701299548
155,rabo de peixe,37.8,-25.5833,62.11,99,75,23.02,PT,1701299548
156,valdivia,-39.8142,-73.2459,57.31,71,57,3.33,CL,1701299531
157,qaqortoq,60.7167,-46.0333,32.09,66,100,14.25,GL,1701299548
158,okhotsk,59.3833,143.3,4.96,87,98,8.66,RU,1701299549
159,yanbu,24.0891,38.0637,73.44,73,0,3.44,SA,1701299549
160,mount isa,-20.7333,139.5,85.77,30,70,6.91,AU,1701299549
161,san pedro,14.35,121.0167,82.31,82,76,7.0,PH,1701299550
162,san patricio,28.017,-97.5169,69.75,83,100,11.59,US,1701299550
163,sumbe,-11.2061,13.8437,76.98,89,97,5.75,AO,1701299346
164,tete,-16.1564,33.5867,84.85,47,71,3.04,MZ,1701299551
165,salinopolis,-0.6136,-47.3561,79.45,83,10,11.34,BR,1701299291
166,papatowai,-46.5619,169.4708,52.27,66,100,11.34,NZ,1701299551
167,frederico westphalen,-27.3592,-53.3944,72.25,93,7,2.28,BR,1701299551
168,bredasdorp,-34.5322,20.0403,62.78,76,76,15.93,ZA,1701299552
169,ust-nera,64.5667,143.2,-16.31,97,78,6.42,RU,1701299552
170,hasaki,35.7333,140.8333,46.29,52,93,21.32,JP,1701299552
171,howrah,22.5892,88.3103,68.0,94,20,4.61,IN,1701299553
172,harstad,68.799,16.5293,29.16,80,17,7.7,NO,1701299553
173,naranjal,-2.6667,-79.6167,77.85,89,87,3.29,EC,1701299553
174,olonkinbyen,70.9221,-8.7187,28.87,88,98,15.99,SJ,1701299553
175,afaahiti,-17.75,-149.2833,85.87,89,98,19.37,PF,1701299554
176,georgetown,5.4112,100.3354,80.53,83,20,9.22,MY,1701299554
177,nabire,-3.3667,135.4833,80.08,83,46,2.51,ID,1701299554
178,sheki,41.1919,47.1706,45.77,42,80,7.52,AZ,1701299554
179,floro,61.5996,5.0328,33.76,55,100,10.36,NO,1701299555
180,arroyo,41.6096,-4.7969,58.21,76,100,18.41,ES,1701299555
181,minas de marcona,-15.2119,-75.1103,60.53,75,57,14.45,PE,1701299555
182,altay,47.8667,88.1167,26.22,49,68,7.92,CN,1701299556
183,lautoka,-17.6167,177.4667,87.66,62,40,13.8,FJ,1701299556
184,geoktschai,40.6531,47.7406,34.56,80,83,3.44,AZ,1701299556
185,la sarre,48.8002,-79.1996,27.52,95,100,12.97,CA,1701299557
186,mariental,-24.6333,17.9667,80.15,23,5,13.85,NA,1701299557
187,katsuura,35.1333,140.3,57.27,59,100,30.06,JP,1701299557
188,morinville,53.8001,-113.652,33.58,43,20,11.5,CA,1701299558
189,la gi,10.6667,107.7833,76.57,87,72,6.58,VN,1701299558
190,iskateley,67.6803,53.1512,8.02,93,83,10.0,RU,1701299558
191,enewetak,11.3474,162.3373,81.63,81,99,21.12,MH,1701299559
192,kolonia town,6.964,158.206,86.11,79,100,11.5,FM,1701299559
193,malpica,43.3228,-8.8105,55.38,82,100,9.98,ES,1701299559
194,port mathurin,-19.6833,63.4167,76.6,70,1,10.09,MU,1701299560
195,vallenar,-28.5708,-70.7581,78.55,31,0,6.38,CL,1701299560
196,cabedelo,-6.9811,-34.8339,79.47,78,13,14.76,BR,1701299365
197,pahrump,36.2083,-115.9839,60.26,26,98,4.0,US,1701299560
198,santana do acarau,-3.4606,-40.2122,80.65,68,45,7.63,BR,1701299561
199,rosetta,31.4044,30.4164,63.41,70,76,4.45,EG,1701299561
200,tarauaca,-8.1614,-70.7656,81.28,72,97,2.37,BR,1701299384
201,monroeville,40.4212,-79.7881,34.05,48,100,6.91,US,1701299316
202,tofol,5.3248,163.0078,82.18,83,100,2.3,FM,1701299562
203,takoradi,4.8845,-1.7554,79.56,85,78,7.27,GH,1701299562
204,nantucket,41.2835,-70.0995,37.54,57,100,13.8,US,1701299562
205,hermanus,-34.4187,19.2345,63.03,73,94,14.52,ZA,1701299563
206,guozhen,34.3659,107.359,35.42,32,100,3.02,CN,1701299563
207,kirensk,57.7853,108.1119,5.97,94,100,8.01,RU,1701299563
208,narrabri,-30.3167,149.7833,77.52,57,0,1.99,AU,1701299564
209,haiku-pauwela,20.9219,-156.3051,78.51,85,40,11.5,US,1701299564
210,la ronge,55.1001,-105.2842,26.85,68,75,16.11,CA,1701299564
211,kodinsk,58.6881,99.1844,8.44,98,100,1.81,RU,1701299564
212,dudinka,69.4058,86.1778,-18.94,100,99,1.36,RU,1701299487
213,hotan,37.0997,79.9269,34.61,32,98,2.42,CN,1701299565
214,phalodi,27.1333,72.3667,67.46,58,0,6.53,IN,1701299565
215,talcahuano,-36.7167,-73.1167,58.21,77,0,15.03,CL,1701299565
216,penzance,50.1186,-5.5371,43.48,79,100,12.06,GB,1701299566
217,east london,-33.0153,27.9116,63.46,62,16,2.95,ZA,1701299566
218,oranjemund,-28.55,16.4333,59.97,90,37,8.48,NA,1701299566
219,lianran,24.9227,102.485,48.58,92,95,3.24,CN,1701299567
220,chinde,26.8418,88.0763,52.36,72,5,4.72,NP,1701299567
221,pontianak,-0.0333,109.3333,78.78,100,40,0.0,ID,1701299567
222,klaksvik,62.2266,-6.589,40.12,71,100,27.72,FO,1701299567
223,minot air force base,48.4209,-101.3391,41.18,62,0,12.66,US,1701299568
224,arraial do cabo,-22.9661,-42.0278,75.65,91,100,15.84,BR,1701299568
225,bloemfontein,-29.1211,26.214,51.28,58,0,2.3,ZA,1701299568
226,san luis de la loma,17.2706,-100.8939,82.15,79,77,3.56,MX,1701299568
227,ushuaia,-54.8,-68.3,47.82,80,81,5.93,AR,1701299569
228,kruisfontein,-34.0033,24.7314,53.65,90,4,6.73,ZA,1701299569
229,cold lake,54.4502,-110.2017,28.99,68,44,13.06,CA,1701299416
230,alice springs,-23.7,133.8833,72.95,73,45,19.57,AU,1701299463
231,lorengau,-2.0226,147.2712,84.56,72,100,4.45,PG,1701299570
232,nema,57.5067,50.5011,0.19,99,81,1.66,RU,1701299570
233,shimoda,34.6667,138.95,55.11,64,73,27.83,JP,1701299570
234,bokoro,12.3807,17.0568,80.87,19,85,10.54,TD,1701299570
235,tsiombe,-25.3,45.4833,74.7,86,40,3.67,MG,1701299571
236,ocean shores,46.9737,-124.1563,42.03,86,40,5.99,US,1701299418
237,vic-en-bigorre,43.3833,0.05,60.4,81,100,2.66,FR,1701299571
238,faaa,-17.55,-149.6,87.76,62,40,5.75,PF,1701299545
239,colonia,50.9333,6.95,33.58,90,0,4.61,DE,1701299571
240,bodo,67.28,14.405,26.78,73,0,18.41,NO,1701299572
241,villa gesell,-37.2639,-56.973,64.9,79,100,6.06,AR,1701299572
242,puerto aysen,-45.4,-72.7,49.77,99,100,4.76,CL,1701299572
243,dasha,23.11,113.4444,69.78,67,99,6.04,CN,1701299572
244,saipan,15.1355,145.701,84.9,74,40,17.27,MP,1701299573
245,dalandzadgad,43.5708,104.425,10.17,66,2,11.32,MN,1701299573
246,lons-le-saunier,46.75,5.75,36.23,69,100,3.58,FR,1701299573
247,council bluffs,41.2619,-95.8608,50.59,63,75,12.66,US,1701299560
248,las palmas de gran canaria,28.0997,-15.4134,66.33,77,20,4.61,ES,1701299574
249,maua,-23.6678,-46.4614,75.36,93,18,8.39,BR,1701299574
250,atafu village,-8.5421,-172.5159,84.96,73,81,12.17,TK,1701299574
251,whitehorse,60.7161,-135.0538,17.1,92,75,20.0,CA,1701299574
252,ilulissat,69.2167,-51.1,42.82,39,75,19.57,GL,1701299575
253,belmonte,-15.8631,-38.8828,77.59,76,61,10.54,BR,1701299575
254,lerwick,60.1545,-1.1494,41.0,70,100,13.53,GB,1701299575
255,tevriz,57.509,72.4042,17.24,95,94,4.27,RU,1701299576
256,alesund,62.4723,6.1549,32.76,74,20,12.66,NO,1701299576
257,vila velha,-20.3297,-40.2925,78.94,84,0,11.5,BR,1701299576
258,cooma,-36.2333,149.1333,53.83,97,100,10.63,AU,1701299577
259,saint-pol-de-leon,48.6833,-3.9833,45.66,89,100,12.71,FR,1701299577
260,hadibu,12.65,54.0333,77.95,74,18,14.32,YE,1701299577
261,jinchang,38.4953,102.1739,20.53,50,0,1.48,CN,1701299577
262,atar,20.5169,-13.0499,69.24,15,0,3.51,MR,1701299578
263,flin flon,54.7682,-101.865,19.24,79,100,8.05,CA,1701299578
264,beroroha,-21.6667,45.1667,75.85,68,3,3.42,MG,1701299579
265,weno,7.4515,151.8468,85.95,74,40,10.36,FM,1701299579
266,dauphin,51.1494,-100.0502,31.03,76,77,12.37,CA,1701299351
267,sakaiminato,35.55,133.2333,48.13,71,75,11.5,JP,1701299579
268,funafuti,-8.5243,179.1942,91.4,89,75,13.8,TV,1701299580
269,arvayheer,46.2639,102.775,4.17,57,0,7.47,MN,1701299580
270,massawa,15.6097,39.45,81.7,68,4,3.65,ER,1701299580
271,jiayuguan,39.8167,98.3,19.36,45,0,5.26,CN,1701299580
272,mana,5.6592,-53.7767,78.84,84,5,10.0,GF,1701299581
273,wietmarschen,52.5333,7.1333,31.98,92,94,3.33,DE,1701299581
274,chonchi,-42.6128,-73.8092,56.12,87,99,6.44,CL,1701299581
275,remire-montjoly,4.9167,-52.2667,80.64,83,0,2.3,GF,1701299582
276,sarupathar,26.1984,93.8094,60.69,93,0,0.98,IN,1701299582
277,smidovich,48.6,133.8167,-18.47,97,21,5.7,RU,1701299582
278,lepsy,46.235,78.9456,43.72,58,99,6.85,KZ,1701299583
279,illizi,26.4833,8.4667,55.2,22,0,4.05,DZ,1701299583
280,camana,-16.6228,-72.7111,67.82,78,44,5.19,PE,1701299583
281,kuala terengganu,5.3302,103.1408,77.56,87,91,1.28,MY,1701299584
282,tromso,69.6496,18.957,26.62,63,20,2.3,NO,1701299584
283,buta,2.7858,24.73,68.74,99,92,1.45,CD,1701299584
284,kingston,17.997,-76.7936,85.15,70,40,19.57,JM,1701299557
285,lampang,18.3333,99.5,66.85,92,97,1.68,TH,1701299585
286,guichon,-32.35,-57.2,77.27,67,75,6.67,UY,1701299469
287,guerrero negro,27.9769,-114.0611,66.11,54,16,20.69,MX,1701299585
288,west island,-12.1568,96.8225,76.98,78,48,8.05,CC,1701299585
289,lobujya,27.95,86.8167,6.71,30,0,2.8,NP,1701299586
290,cidreira,-30.1811,-50.2056,70.23,91,27,18.21,BR,1701299586
291,novodvinsk,64.4165,40.8122,6.78,98,75,3.69,RU,1701299586
292,touros,-5.1989,-35.4608,79.14,76,26,14.16,BR,1701299587
293,kavaratti,10.5669,72.642,83.3,73,97,9.93,IN,1701299587
294,baza,37.4907,-2.7726,57.42,85,76,8.14,ES,1701299387
295,puerto baquerizo moreno,-0.9,-89.6,75.94,79,69,11.01,EC,1701299588
296,kerikeri,-35.2268,173.9474,68.92,64,48,4.83,NZ,1701299446
297,francisco sa,-16.4758,-43.4883,82.54,34,100,5.41,BR,1701299588
298,shahgarh,24.3167,79.1333,63.37,90,37,3.94,IN,1701299589
299,champerico,14.3,-91.9167,90.14,73,86,5.77,GT,1701299589
300,yarkovo,57.4028,67.0786,23.61,90,100,5.44,RU,1701299589
301,berdigestyakh,62.0989,126.6992,9.3,93,100,11.27,RU,1701299590
302,marsh harbour,26.5412,-77.0636,71.55,58,100,11.54,BS,1701299590
303,manistee,44.2445,-86.3242,37.45,84,0,5.75,US,1701299590
304,grande prairie,55.1667,-118.8027,28.58,46,20,8.05,CA,1701299521
305,walvis bay,-22.9575,14.5053,63.09,85,5,5.68,NA,1701299591
306,ji'an,27.1172,114.9793,55.36,62,100,10.45,CN,1701299591
307,pea ridge,38.414,-82.3199,42.6,69,4,1.01,US,1701299592
308,lincheng,19.9078,109.6858,74.28,93,99,13.47,CN,1701299592
309,fauske,67.2588,15.3918,26.78,81,93,6.44,NO,1701299592
310,alvorada,-12.48,-49.1247,89.02,28,69,5.79,BR,1701299593
311,sao joao da barra,-21.6403,-41.0511,77.09,88,100,14.41,BR,1701299593
312,garissa,-0.4536,39.6401,79.52,78,100,4.63,KE,1701299593
313,puerto madryn,-42.7692,-65.0385,72.0,28,3,14.72,AR,1701299594
314,mejit,10.2753,170.8646,81.45,76,100,21.07,MH,1701299594
315,freetown,8.484,-13.2299,78.51,83,75,6.91,SL,1701299594
316,portland,45.5234,-122.6762,42.78,68,100,1.99,US,1701299469
317,greymouth,-42.4667,171.2,56.64,72,92,7.87,NZ,1701299595
318,katsuren-haebaru,26.3369,127.8719,71.62,82,75,3.44,JP,1701299595
319,chibougamau,49.9168,-74.3659,13.62,85,100,12.66,CA,1701299596
320,al hamul,31.3115,31.1477,61.02,73,68,4.43,EG,1701299596
321,axim,4.8699,-2.2405,79.56,85,49,6.62,GH,1701299596
322,roma,43.2128,-75.4557,29.57,55,100,5.01,US,1701299597
323,palikir - national government center,6.9248,158.1611,85.05,79,100,11.5,FM,1701299597
324,pekan,3.4836,103.3996,77.4,89,100,6.17,MY,1701299598
325,linghai,41.1653,121.3667,13.32,53,0,3.96,CN,1701299598
326,huitel,20.1639,-99.2733,65.43,57,100,3.22,MX,1701299598
327,viedma,-40.8135,-62.9967,70.5,40,0,13.44,AR,1701299598
328,pico truncado,-46.7949,-67.9573,65.71,29,74,31.38,AR,1701299599
329,strathalbyn,-35.2667,138.9,66.72,85,91,11.86,AU,1701299599
330,canete,-37.8,-73.4,57.78,78,1,6.98,CL,1701299599
331,ciudad del carmen,18.6333,-91.8333,80.64,74,75,4.61,MX,1701299539
332,tralee,52.2704,-9.7026,36.5,90,71,8.14,IE,1701299600
333,taoudenni,22.6783,-3.9836,69.04,12,0,8.7,ML,1701299600
334,raja,8.4596,25.678,78.08,34,100,2.24,SS,1701299600
335,magadan,59.5667,150.8,5.47,85,81,5.82,RU,1701299601
336,vorgashor,67.5833,63.95,3.74,97,59,5.73,RU,1701299601
337,forster,-32.1667,152.5167,83.37,54,0,7.34,AU,1701299601
338,ebon,4.582,168.6964,82.72,79,100,14.16,MH,1701299602
339,port blair,11.6667,92.75,82.44,74,75,6.91,IN,1701299602
340,salah bey,35.8545,5.2905,46.81,59,7,7.05,DZ,1701299602
341,malango,-2.9627,119.9001,70.48,93,100,1.21,ID,1701299603
342,cabrobo,-8.5142,-39.31,87.96,23,3,13.91,BR,1701299603
343,virginia beach,36.8529,-75.978,40.01,52,0,3.44,US,1701299541
344,kununurra,-15.7667,128.7333,87.78,74,15,4.61,AU,1701299604
345,karratha,-20.7377,116.8463,76.62,49,0,12.88,AU,1701299604
346,porbandar,21.6422,69.6093,70.63,53,1,8.72,IN,1701299604
347,acapulco de juarez,16.8634,-99.8901,85.82,70,75,6.91,MX,1701299604
348,maiduguri,11.8464,13.1603,77.09,21,4,8.21,NG,1701299439
349,geraldton,-28.7667,114.6,68.41,77,21,10.36,AU,1701299605
350,tocopilla,-22.092,-70.1979,66.85,74,34,8.97,CL,1701299605
351,magdalena,14.1999,121.429,82.27,90,50,8.63,PH,1701299605
352,troitsko-pechorsk,62.7084,56.1964,20.7,94,100,3.0,RU,1701299606
353,sinabang,2.4803,96.3801,79.05,77,99,2.84,ID,1701299606
354,labytnangi,66.6572,66.4183,14.67,95,100,11.65,RU,1701299606
355,mar del plata,-38.0023,-57.5575,72.09,64,40,5.01,AR,1701299475
356,lambarene,-0.7001,10.2406,76.26,92,90,0.69,GA,1701299607
357,afif,23.9065,42.9172,66.63,51,0,14.09,SA,1701299608
358,peace river,56.2501,-117.286,30.51,69,75,5.75,CA,1701299608
359,baiyin,36.5583,104.2081,23.11,51,45,3.15,CN,1701299608
360,asau,46.4333,26.4,24.28,89,30,5.12,RO,1701299608
361,levuka,50.1834,-105.4011,33.62,75,40,17.27,CA,1701299609
362,ust'-barguzin,53.45,108.9833,8.62,96,100,5.06,RU,1701299609
363,puerto armuelles,8.2833,-82.8667,82.17,86,100,5.01,PA,1701299546
364,monrovia,6.3005,-10.7969,78.69,85,100,7.23,LR,1701299453
365,mildura,-34.2,142.15,68.07,69,74,16.33,AU,1701299502
366,lakatoro,-16.0999,167.4164,84.58,69,87,10.47,VU,1701299610
367,mahenge,-8.6833,36.7167,66.94,89,98,2.82,TZ,1701299610
368,rawson,-43.3002,-65.1023,75.88,26,4,14.29,AR,1701299611
369,villa rica,33.7321,-84.9191,50.4,53,10,3.83,US,1701299313
370,sao tome,0.3365,6.7273,80.62,82,90,1.81,ST,1701299611
371,sa'dah,16.9402,43.7639,57.76,40,47,3.85,YE,1701299611
372,fuglafjordur,62.244,-6.814,39.67,72,100,25.75,FO,1701299612
373,progreso,21.2833,-89.6667,78.12,70,96,16.33,MX,1701299414
374,chervona sloboda,49.3789,32.1464,28.51,78,95,17.63,UA,1701299612
375,hammerfest,70.6634,23.6821,30.65,80,75,5.75,NO,1701299612
376,rongelap,11.1635,166.8941,81.57,76,100,20.51,MH,1701299613
377,pallasovka,50.05,46.8833,36.81,88,100,17.0,RU,1701299613
378,kassala,15.451,36.4,75.9,60,10,9.66,SD,1701299613
379,kuusamo,65.9667,29.1833,23.04,86,100,2.3,FI,1701299613
380,medina,24.4686,39.6142,72.03,30,0,8.05,SA,1701299614
381,majene,-3.5403,118.9707,80.46,83,96,2.33,ID,1701299614
382,nizhnesortymskiy,62.4397,71.7603,5.04,97,52,3.69,RU,1701299614
383,pakokku,21.3333,95.1,70.09,79,100,4.41,MM,1701299614
384,coruripe,-10.1256,-36.1756,76.68,73,6,10.09,BR,1701299615
385,suva,-18.1416,178.4415,89.08,66,40,8.05,FJ,1701299615
386,itacare,-14.2775,-38.9967,77.56,75,27,9.98,BR,1701299616
387,beloyarskiy,63.7119,66.6722,17.01,99,99,1.99,RU,1701299616
388,zuni pueblo,35.0725,-108.8506,54.23,45,21,8.05,US,1701299616
389,zalegoshch',52.9008,36.8869,33.3,87,100,17.87,RU,1701299617
390,rio grande,-32.035,-52.0986,73.51,91,100,13.85,BR,1701299617
391,yemva,62.59,50.8594,20.41,98,100,3.38,RU,1701299617
392,gubakha,58.8386,57.5532,27.16,98,100,1.01,RU,1701299618
393,shirvan,39.9509,48.8994,44.58,52,81,7.74,AZ,1701299618
394,pacific grove,36.6177,-121.9166,65.01,74,0,11.01,US,1701299618
395,kalemie,-5.9475,29.1947,70.29,90,100,2.93,CD,1701299618
396,gunjur,13.2019,-16.7339,77.07,78,0,10.36,GM,1701299618
397,port douglas,-16.4833,145.4667,83.98,65,33,3.8,AU,1701299619
398,xiaoweizhai,26.1903,107.5125,48.29,79,100,5.79,CN,1701299619
399,usinsk,65.9939,57.5281,13.06,93,65,3.0,RU,1701299619
400,mulchen,-37.7167,-72.2333,68.68,50,0,8.14,CL,1701299620
401,kavieng,-2.5744,150.7967,83.66,73,100,4.36,PG,1701299620
402,dogondoutchi,13.6393,4.0287,85.89,21,61,8.21,NE,1701299620
403,chuhar jamali,24.3895,67.9923,68.43,49,43,7.14,PK,1701299621
404,ghadamis,30.1337,9.5007,58.73,26,7,4.27,LY,1701299621
405,chapayevsk,52.9771,49.7086,18.95,94,83,6.08,RU,1701299621
406,fisterra,42.9049,-9.2629,57.02,76,100,12.75,ES,1701299622
407,princeville,45.7668,-61.2985,29.32,83,0,11.5,CA,1701299622
408,wau,7.7029,27.9953,82.29,55,99,4.25,SS,1701299622
409,ciudad insurgentes,25.2625,-111.7753,73.27,53,19,17.98,MX,1701299622
410,yuzhno-kurilsk,44.0306,145.8556,33.37,54,74,15.84,RU,1701299623
411,port alfred,-33.5906,26.891,61.61,71,2,9.04,ZA,1701299623
412,capinota,-17.7167,-66.2333,76.41,63,100,0.25,BO,1701299476
413,nizhniy odes,63.6445,54.856,18.72,96,100,4.27,RU,1701299624
414,new norfolk,-42.7826,147.0587,57.92,76,100,5.93,AU,1701299624
415,bambanglipuro,-7.95,110.2833,78.3,88,66,4.79,ID,1701299624
416,fort-de-france,14.6089,-61.0733,78.75,78,8,3.44,MQ,1701299624
417,dunay,42.8803,132.3375,4.71,67,97,24.92,RU,1701299625
418,piton saint-leu,-21.2196,55.3151,71.71,69,8,5.75,RE,1701299625
419,trondheim,63.4305,10.3951,28.49,84,95,8.19,NO,1701299510
420,tvoroyri,61.5556,-6.8111,43.93,74,100,27.94,FO,1701299625
421,angaur state,6.906,134.13,84.02,77,71,17.36,PW,1701299626
422,saldanha,-33.0117,17.9442,62.65,66,89,6.15,ZA,1701299626
423,visakhapatnam,17.69,83.2093,72.14,83,93,6.82,IN,1701299626
424,tual,-5.6667,132.75,83.41,73,72,4.74,ID,1701299626
425,barghat,22.0333,79.7167,66.07,83,92,3.89,IN,1701299627
426,ilebo,-4.3167,20.5833,69.58,100,100,1.07,CD,1701299627
427,kapenguria,1.2511,35.0895,58.66,69,98,1.28,KE,1701299627
428,gallup,35.5281,-108.7426,53.44,37,20,0.0,US,1701299628
429,ola,59.5833,151.2833,5.81,82,85,5.93,RU,1701299628
430,nueva guinea,11.6876,-84.4562,74.61,95,81,10.2,NI,1701299628
431,usogorsk,63.4106,48.6872,17.67,94,100,3.51,RU,1701299629
432,port moresby,-9.4431,147.1797,82.49,74,97,1.05,PG,1701299629
433,brisas de zicatela,15.8369,-97.0419,86.52,58,75,5.75,MX,1701299629
434,khorugh,37.4897,71.553,38.52,76,100,1.97,TJ,1701299629
435,lospalos,-8.5186,127.0025,81.28,68,82,3.15,TL,1701299630
436,nong khai,17.9167,103.0833,71.17,79,89,5.79,TH,1701299630
437,at taj,24.2049,23.2857,60.55,32,1,7.72,LY,1701299630
438,itoman,26.1247,127.6694,71.62,68,75,4.61,JP,1701299630
439,semera,11.501,41.201,72.3,56,56,12.53,ET,1701299631
440,drebkau,51.65,14.2167,32.31,88,88,4.0,DE,1701299631
441,tangalle,6.024,80.7911,76.55,87,91,4.7,LK,1701299631
442,bengkulu,-3.8004,102.2655,75.15,96,100,5.08,ID,1701299631
443,egilsstadir,65.2653,-14.3948,33.71,86,75,5.75,IS,1701299631
444,dan sadau,11.2962,6.4952,76.84,24,63,7.47,NG,1701299632
445,ponta delgada,37.7333,-25.6667,63.32,88,75,23.02,PT,1701299632
446,cockburn town,21.4612,-71.1419,80.06,78,84,12.75,TC,1701299435
447,galesong,-5.3166,119.3661,78.82,78,100,3.49,ID,1701299632
448,torghay,49.6339,63.4981,29.1,75,100,20.49,KZ,1701299633
449,kone,-21.0595,164.8658,85.39,55,16,1.99,NC,1701299633
450,priob'ye,62.5206,65.5964,6.03,99,91,1.81,RU,1701299633
451,zouerate,22.7187,-12.4521,67.62,12,0,6.31,MR,1701299634
452,dunedin,-45.8742,170.5036,51.8,73,94,7.0,NZ,1701299634
453,taulaga,-11.0553,-171.0883,83.91,75,86,16.62,AS,1701299634
454,bowral,-34.4667,150.4167,68.05,62,74,11.52,AU,1701299502
455,sisimiut,66.9395,-53.6735,35.76,62,100,13.51,GL,1701299635
456,jining,35.405,116.5814,24.04,32,15,2.13,CN,1701299635
457,jabor,5.921,169.6434,82.8,76,97,15.35,MH,1701299636
458,revin,49.9404,4.635,37.96,98,100,3.42,FR,1701299636
459,fonte boa,-2.4959,-66.2662,75.7,97,100,2.28,BR,1701299636
460,i-n-salah,27.1935,2.4607,61.7,22,0,3.6,DZ,1701299636
461,parras de la fuente,25.4167,-102.1833,69.37,45,82,5.88,MX,1701299636
462,fale old settlement,-9.3852,-171.2468,84.33,73,77,13.15,TK,1701299637
463,kralendijk,12.15,-68.2667,82.38,78,20,17.27,BQ,1701299504
464,hobyo,5.3505,48.5268,80.2,78,29,16.37,SO,1701299637
465,boiling springs,35.0465,-81.9818,44.94,32,0,3.44,US,1701299422
466,nadym,65.5333,72.5167,19.56,96,100,10.22,RU,1701299638
467,kibre mengist,5.8833,38.9833,56.26,71,88,2.71,ET,1701299639
468,kutum,14.2,24.6667,66.18,29,36,8.57,SD,1701299639
469,chiroqchi,39.0336,66.5722,50.7,86,100,3.56,UZ,1701299639
470,pontes e lacerda,-15.2261,-59.3353,82.0,60,95,2.89,BR,1701299640
471,punakha,27.5837,89.8598,51.26,79,4,2.64,BT,1701299640
472,colorines,19.2,-100.1667,64.69,85,99,3.22,MX,1701299640
473,fada,9.5667,8.3,72.72,33,30,4.07,NG,1701299640
474,murray bridge,-35.1167,139.2667,67.12,57,56,11.43,AU,1701299641
475,el dorado,38.7666,-120.5177,55.98,50,86,5.91,US,1701299641
476,villanueva,15.3167,-88.0,80.04,90,95,2.82,HN,1701299641
477,hinton,53.4001,-117.5857,23.68,87,91,2.24,CA,1701299641
478,kayangel,8.0823,134.7173,83.7,78,88,15.64,PW,1701299642
479,ocos,14.5094,-92.1933,86.18,73,97,4.47,GT,1701299642
480,hanak,41.2336,42.8472,22.93,79,100,1.03,TR,1701299642
481,manyas,40.0464,27.97,59.54,95,100,6.58,TR,1701299643
482,xihe,31.6864,113.4659,38.59,32,100,10.31,CN,1701299643
483,san felipe,10.3399,-68.7425,72.57,97,31,3.38,VE,1701299643
484,porto novo,6.4965,2.6036,82.22,85,100,7.07,BJ,1701299643
485,gaspe,48.8334,-64.4819,21.11,63,20,10.36,CA,1701299644
486,kotlas,61.2611,46.6556,10.06,98,67,1.99,RU,1701299644
487,saint-joseph,-21.3667,55.6167,73.78,80,36,1.95,RE,1701299644
488,cannonvale,-20.2833,148.7,81.79,69,0,11.72,AU,1701299644
489,tazacorte,28.629,-17.9293,68.97,82,0,10.36,ES,1701299645
490,nagqu,31.5,92.0,20.64,62,100,4.05,CN,1701299645
491,celestun,20.8667,-90.4,78.13,69,95,18.19,MX,1701299645
492,bubaque,11.2833,-15.8333,82.45,60,9,12.59,GW,1701299646
493,hami,42.8,93.45,27.41,32,1,1.81,CN,1701299646
494,happy valley-goose bay,53.3168,-60.3315,19.71,68,75,10.36,CA,1701299647
495,pasuquin,18.3328,120.6177,76.95,88,75,0.0,PH,1701299647
496,zhigalovo,54.8097,105.1578,4.77,86,100,2.1,RU,1701299647
497,suoyarvi,62.0833,32.35,7.47,98,89,5.08,RU,1701299648
498,bonthe,7.5264,-12.505,79.16,81,38,2.68,SL,1701299648
499,mount gambier,-37.8333,140.7667,63.37,59,39,12.71,AU,1701299648
500,gibara,21.1097,-76.1317,79.92,83,98,10.22,CU,1701299649
501,port augusta,-32.5,137.7667,68.43,59,100,8.93,AU,1701299649
502,zhashkiv,49.2454,30.1102,25.48,76,51,15.26,UA,1701299650
503,ashland,40.8167,-82.2665,35.28,83,4,10.04,US,1701299650
504,vadso,70.0744,29.7487,33.96,69,75,18.41,NO,1701299650
505,kazanskoye,55.6448,69.235,24.84,90,99,6.51,RU,1701299650
506,raton,36.9034,-104.4391,53.94,15,0,6.91,US,1701299651
507,margate,51.3813,1.3862,35.91,83,99,1.99,GB,1701299651
508,ostersund,63.1792,14.6357,19.85,93,75,5.75,SE,1701299652
509,howard springs,-12.497,131.047,89.82,88,54,3.15,AU,1701299652
510,qarazhal,48.0078,70.7903,36.3,81,100,16.67,KZ,1701299652
511,elk city,35.412,-99.4043,57.18,51,46,14.25,US,1701299652
512,mahina,-17.5065,-149.489,87.57,62,40,5.75,PF,1701299594
513,trincomalee,8.5711,81.2335,77.56,89,100,9.8,LK,1701299653
514,chippewa falls,44.9369,-91.3929,41.18,60,0,5.75,US,1701299643
515,aykhal,66.0,111.5,9.18,69,100,24.23,RU,1701299653
516,papao,-17.75,-149.55,87.48,88,95,22.46,PF,1701299358
517,ngereklmadel,7.4883,134.4856,82.49,89,75,9.22,PW,1701299654
518,les cayes,18.2,-73.75,77.7,82,28,3.49,HT,1701299654
519,alo,7.4178,6.7371,80.24,64,67,3.96,NG,1701299654
520,devils lake,48.1128,-98.8651,37.38,70,0,6.91,US,1701299655
521,manokwari,-0.8667,134.0833,81.46,73,80,1.68,ID,1701299655
522,achacachi,-16.05,-68.6833,49.35,79,65,10.2,BO,1701299655
523,island harbour,50.724,-1.2758,39.92,79,100,5.01,GB,1701299656
524,stiens,53.2623,5.7577,32.95,96,100,3.44,NL,1701299656
525,cordoba,-31.4135,-64.1811,67.24,85,100,8.99,AR,1701299414
526,les sables-d'olonne,46.6667,-1.8333,41.79,90,100,12.62,FR,1701299656
527,nar'yan-mar,67.6713,53.087,8.11,93,84,10.0,RU,1701299656
528,clisson,47.0871,-1.2829,42.89,92,100,9.71,FR,1701299657
529,impfondo,1.6381,18.0667,70.18,98,100,0.72,CG,1701299657
530,kalmunai,7.4167,81.8167,76.73,90,100,5.59,LK,1701299658
531,leava,-14.3,-178.1667,83.57,77,54,15.93,WF,1701299658
532,puerto deseado,-47.7503,-65.8938,60.1,55,92,15.35,AR,1701299658
533,cabo san lucas,22.8909,-109.9124,82.71,69,0,5.01,MX,1701299659
534,kirakira,-10.4544,161.9205,85.6,72,85,8.75,SB,1701299659
535,berezovo,63.9381,65.0419,20.57,95,100,7.45,RU,1701299659
536,pont rouge,48.8833,-72.0825,17.89,90,99,9.89,CA,1701299660
537,khash,28.2211,61.2158,53.69,62,2,3.42,IR,1701299660
538,kodungallur,10.2167,76.2167,78.8,95,100,4.29,IN,1701299660
539,kombissiri,12.0656,-1.3375,80.58,19,31,6.58,BF,1701299660
540,mozhaysk,55.5019,36.0272,30.67,95,100,18.45,RU,1701299660
541,tisul',55.7611,88.3122,12.25,88,86,3.13,RU,1701299661
542,anna regina,7.2644,-58.5077,78.78,80,44,8.28,GY,1701299661
543,newcastle,-32.9272,151.7765,79.79,60,40,21.85,AU,1701299426
544,ijebu-jesa,7.6833,4.8167,73.47,90,100,2.84,NG,1701299662
545,sultanah,24.4926,39.5857,72.05,30,0,8.05,SA,1701299662
546,harper,4.375,-7.7169,78.96,84,100,6.17,LR,1701299662
547,umm kaddadah,13.6017,26.6876,71.67,24,50,15.08,SD,1701299663
548,tobelo,1.7284,128.0095,81.91,78,100,4.52,ID,1701299663
549,ziro,27.6333,93.8333,38.98,72,7,2.51,IN,1701299663
550,prince rupert,54.3161,-130.3201,47.89,78,0,23.02,CA,1701299664
551,manggar,-2.8833,108.2667,82.78,79,95,7.2,ID,1701299664
552,haimen,23.1935,116.6142,67.89,79,92,10.04,CN,1701299664
553,st. john's,47.5649,-52.7093,31.15,95,98,18.99,CA,1701299567
554,colares,38.7992,-9.4469,64.33,97,84,20.0,PT,1701299376
555,sandnessjoen,66.0217,12.6316,23.52,67,100,11.52,NO,1701299665
556,estevan,49.1334,-102.9842,35.8,69,0,13.8,CA,1701299665
557,batouri,4.4333,14.3667,70.2,92,91,1.45,CM,1701299666
558,kapsan-up,41.0903,128.2933,0.46,86,51,3.74,KP,1701299666
559,selty,57.3132,52.1345,-2.47,100,95,2.95,RU,1701299666
560,tingo maria,-9.2895,-76.0088,73.51,95,73,0.96,PE,1701299666
561,saint-francois,46.4154,3.9054,35.04,87,0,2.3,FR,1701299667
562,parun,35.4207,70.9221,32.02,89,100,4.21,AF,1701299667
563,nicoya,10.1483,-85.452,76.62,88,100,3.71,CR,1701299667
564,djibo,14.1022,-1.6306,82.85,17,100,7.43,BF,1701299667
565,kambove,-10.8764,26.5969,62.8,96,100,2.21,CD,1701299668
566,las vegas,36.175,-115.1372,62.82,23,0,5.01,US,1701299503
567,heilbron,-27.2812,27.9709,54.09,68,65,20.76,ZA,1701299669
568,prudnik,50.3212,17.5746,28.78,86,98,9.95,PL,1701299669
569,callao,-12.0667,-77.15,76.71,77,100,9.22,PE,1701299498
570,chimoio,-19.1164,33.4833,69.03,97,93,11.07,MZ,1701299670
571,beyneu,45.3167,55.2,36.21,63,16,11.5,KZ,1701299670
572,iskushuban,10.2837,50.23,73.08,71,62,8.9,SO,1701299670
573,arroio dos ratos,-30.0772,-51.7292,70.65,96,55,4.56,BR,1701299670
574,oriximina,-1.7656,-55.8661,82.89,62,86,4.23,BR,1701299417
575,zakamensk,50.3741,103.2863,-4.88,96,15,3.8,RU,1701299671
576,spokoynaya,44.2468,41.4015,42.96,66,100,4.18,RU,1701299671
577,akureyri,65.6835,-18.0878,31.93,93,75,2.3,IS,1701299671
578,puerto wilches,7.3483,-73.896,79.34,91,45,1.34,CO,1701299672
579,ajra,16.1167,74.2,68.79,85,71,2.64,IN,1701299672
580,vila franca do campo,37.7167,-25.4333,63.01,99,100,32.59,PT,1701299672
581,manado,1.487,124.8455,81.37,89,40,1.14,ID,1701299672
582,san rafael del yuma,18.4299,-68.6739,78.37,83,21,6.73,DO,1701299673
583,eureka,40.8021,-124.1637,60.21,70,28,4.0,US,1701299567
584,leh,34.1667,77.5833,27.23,76,100,1.05,IN,1701299673
585,mosjoen,65.836,13.1908,23.52,80,100,2.3,NO,1701299674
586,buka,40.8108,69.1986,47.95,88,100,6.38,UZ,1701299674
587,ed damer,17.5928,33.9592,77.86,55,1,9.4,SD,1701299674
588,tubarjal,30.4999,38.216,56.46,57,0,8.34,SA,1701299675
589,antonio enes,-16.2325,39.9086,81.54,74,100,9.15,MZ,1701299675
590,timimoun,29.2639,0.231,52.18,22,0,2.3,DZ,1701299675
591,menongue,-14.6585,17.691,66.67,87,99,3.74,AO,1701299675
592,lake havasu city,34.4839,-114.3224,68.22,24,51,3.44,US,1701299676
593,winnipeg,49.8844,-97.147,33.87,79,20,5.99,CA,1701299586
594,alaghsas,17.0187,8.0168,77.11,16,2,9.44,NE,1701299676
595,villiers,-27.0303,28.6006,54.52,70,99,15.26,ZA,1701299676
596,shevchenko,48.5,35.0,32.5,75,52,11.18,UA,1701299677
597,kourou,5.1552,-52.6478,80.65,86,11,6.69,GF,1701299677
598,mahanoro,-19.9,48.8,77.05,91,36,9.98,MG,1701299677
599,nova vicosa,-17.8919,-39.3719,77.88,80,82,14.05,BR,1701299677
